{"肛交":109,"合集":26,"社保":73,"操逼":48,"白皙":83,"白虎":103,"超嫩":50,"抱着":30,"粗暴":40,"喝尿":8,"dap":25,"百合":3,"潮吹":3,"街拍":14,"超短裙":7,"内射":24,"吞精":32,"颜射":24,"倒立":18,"露出":7,"一字马":4,"自慰":26,"润滑油":2,"美女":77,"超近":37,"刘海":6,"扩张":24,"黑人":10,"袜子":45,"口爆":29,"国产":5,"调教":17,"奶子":1,"主播":7,"瑜伽":11,"群交":18,"premiumbukkake":7,"厕拍":36,"苗条":10,"写真":1,"牛仔裤":11,"颜艺":1,"强奸":2,"丰满":6,"裸舞":3,"发现":1,"坐着":3,"女上":11,"走光":1,"cos":4,"a2m":1,"萝莉":5,"换精":10,"猎奇":14,"学生":1,"外国":2,"偷拍":12,"nanaly":2,"炮机":5,"足交":1,"angelsmall":2,"大屌":17,"乱伦":2,"抱膝":13,"学校":2,"蹲厕":3,"日本":3,"马桶":5,"3d":5,"守望先锋":5,"高跟":2,"sm男":4,"榨精":1,"灌肠":5,"sm女":4,"泳装":1,"迷奸":1,"更衣室":1,"firstanalquest":1,"唯美":1,"沟厕":1,"lisaTutoha":1,"无内":2}